PC1,PC2,PC3,PC4,PC5,label
-2.173134715709877,-0.050474432865599494,0.8948150426496185,0.8545536558328629,-5.718612798682872,clean
-2.19225952473498,-2.171330021735152,1.7175190610532356,2.1700068231831073,-4.071886461471683,clean
-1.654756191226593,1.6160457678058209,0.35633353677939983,1.5088903182478512,-3.2257114890867262,clean
-0.4574927698901542,-3.7970058279251613,-2.647093250195395,-2.9525565522073913,-2.6251960374492844,clean
-1.6260388115419173,0.9904753229896397,-0.0601090933951996,0.4625033188946521,-3.848143152233011,clean
-1.4918725944567823,4.605268346941366,1.0470152834934299,2.7029356429122484,-2.620682659104625,clean
-1.8966039696728252,2.348447554802523,0.267696325226429,0.8005287677202246,-3.0088433105859536,clean
-0.8102214847696168,-2.229665930195294,-1.1363328801061245,-3.843846145614886,-2.0314077496354135,clean
1.8049532861783513,-3.1985642098746028,-0.8383129216726048,-2.098810807520017,-2.0333646058054047,clean
-1.9656883290978477,3.050265692596798,-0.46370083719299565,0.4530910418323121,0.13312418773060758,clean
0.7815680886728683,1.300044655975596,-0.1957339636185679,-1.2920644992227273,-0.7516645686597896,clean
-1.8804651872481064,-3.3434215466022876,0.5043833342165345,-1.9393320507902572,0.1297748395026289,clean
-0.8170976797301692,1.0686670335577255,1.0646241620499735,1.8675770904726539,-2.8659914855688005,clean
0.2321911623761878,4.649094601430533,0.034607461332061724,0.8897297624354212,-0.08877059274922008,clean
-1.6342126006023492,-3.0045847460931636,-1.1541528084081052,-3.7114619137902043,-0.6042226205090715,clean
-0.2760145307138063,0.9846954482827988,4.308935102534773,3.4971013692697945,0.19660642177553564,clean
-1.4478962361587115,4.475623534369965,-1.0173610811235265,0.3254785150497599,0.5798128176232339,clean
-1.4887330970281034,-2.430145431663474,1.623344820726763,1.630305808649182,-1.7572830582706498,clean
-1.7793502610774161,0.9457846371585685,-1.6197162014293724,-1.4666478645145014,0.7369776880813469,clean
-0.53072333965135,2.102438785842502,0.05482885721899677,1.2792079486730297,1.4453715683263864,clean
-1.8983569414004036,1.7004129266754988,0.45740771489953813,1.3499602394592634,0.3129913732439905,dirty
-2.3942215672262375,-5.86629740677738,-0.40365554908668033,-2.1561342854948538,-3.3263284110299245,dirty
-1.3716787236014785,4.174640201568901,-1.9217646978213978,-0.4262715159882463,-1.765191616412322,dirty
-1.3508352495355973,4.432227098554614,1.776950758589763,3.012469876480549,-2.1122720736010567,dirty
2.342685183390208,2.1674838126461378,-3.286933620096782,-0.7285911821248281,1.4657189504122292,dirty
0.8808385916636091,3.2976753061984527,-2.6660875660450705,0.043182432195457233,-1.4284727908323331,dirty
-0.9681270609719914,7.858029724173467,-4.131442389865739,-2.9983846959029647,-2.603365866707576,dirty
-1.373925310170257,0.8001873186701856,-0.9722842073082159,0.1753326074511387,2.6391705261156844,dirty
2.0242628984350404,1.2430119483992776,-2.547047656008931,-0.7247618612512817,-0.778198207580668,dirty
-0.650702019412359,1.4061298230214578,3.470415281630203,5.166476068170975,-1.2982677014599908,dirty
2.727102261322708,-0.7910618877860323,4.074689223875926,4.181764054380773,0.7648576563270297,dirty
-1.6068036197398163,0.6338241380198435,-0.15777217430710572,0.10203228810091061,1.1598065325692493,dirty
-1.1958442641165041,-1.3197032221330496,0.22859877342758037,0.6991560599049462,1.9759869269310995,dirty
1.3404271295805896,0.8087945770926248,-0.4549753985258879,-4.222095878561371,-1.5374119905342833,dirty
-2.1245169650438425,-2.0558173759312175,-1.4430921143380846,-7.4831201249447545,-0.5319674328307937,dirty
4.4275417309515746,-1.297879880184999,-5.157599703474069,0.7073957735176785,2.5198581508987052,dirty
-0.7759870581313238,3.780279926676974,-0.006873025107518974,1.5736364072124056,-0.7326582932289974,dirty
0.008614342986562,1.9326066684081549,0.2555818993878778,1.8849072786209897,-1.9311654460368608,dirty
-1.9593269236652824,0.4692007243379731,-0.0031001410099067597,0.024713369250143925,0.9011086787886258,dirty
-1.907440450843697,0.8719021776855868,2.3119822154315246,3.9218231944175783,-2.0707813417524834,dirty
-2.3074030788933673,-2.3840398959830753,-0.3575403596758413,-1.5270479558849401,-1.7447387209640157,unknown
-2.8629440772984203,-3.3397156016891736,0.40285380755221173,-0.6525507474334539,-3.1481736148203256,unknown
0.6064652587153868,0.6837713509388353,0.40638900127640837,0.8182156873582633,-0.10513362010482527,unknown
-2.1068046116771595,-6.815950748075909,0.30340270084228,-0.5277242568982341,-2.0324931771488783,unknown
-1.5945097001616226,2.5068161813198966,-0.2005231973260673,0.708829038272269,-2.3980545769789536,unknown
-2.347774071698445,-7.3442708730049855,2.38699736660524,1.736848391502757,-0.5916242221637384,unknown
-2.3676067603227815,-7.544862110081063,0.8703241119216911,-0.9536883641225533,3.661510260851982,unknown
-1.5101883340548936,3.5917089355096072,-1.1057776452046824,0.3091773317430978,0.6989340907467718,unknown
-1.9814021523820962,-4.089680595656421,1.7982047330833606,2.1143254846971895,-3.7205483626655798,unknown
-2.034499464464792,-5.7117243761898004,1.1872678923049749,0.6993936953377333,-2.310980989608806,unknown
-1.9751726187770713,-2.7606438026133127,2.3655456002028834,3.1996860787346906,-4.574178903778325,unknown
-1.8323040069466017,-0.2533704539935106,1.6164797597250908,2.482114496036461,-2.2894786244317937,unknown
-2.189289516741819,-4.813344282036259,0.36607193799487303,-1.0283598907074838,-3.4085624884414436,unknown
-1.9040887460833789,2.3484790397157638,-0.48143173717044624,-0.1885385453148059,-3.2037531953465894,unknown
-1.8635678247957663,-4.518751100201238,0.881747161211599,0.28909554727848996,-3.113212889239222,unknown
-2.079206429425451,0.3427902070966908,0.1697881269383961,0.7669592408796707,-1.8360694693412363,unknown
-0.46433200138343717,0.5895051049948971,1.3665045947804,3.350856398427248,-3.3891524236191386,unknown
-2.2630400846085568,-7.619507210921923,1.3716253404006475,0.36131019260250935,-4.195317109513701,unknown
-1.544618136703231,-0.8525357553808028,-0.549082155565616,-1.6153101708411632,-2.6644043981236267,unknown
-1.3938368637684682,-1.8465968222204403,-0.8505136485686928,-1.0684513193406862,-2.2124326188077847,unknown
-1.514347773838731,-1.904481525808011,1.1738034019629857,1.3132037132334473,-4.7932732722288645,unknown
-2.2606650190715154,-2.1139468377703827,0.39880329141992815,-0.03048707619128238,-2.1075225307420897,unknown
-1.1639131865282688,0.24597416149619214,-0.42453064671797686,0.13368808264505472,-3.7008138298466657,unknown
-2.146121855753254,0.4335967660413165,-0.7990983857882878,-1.595176797978894,-3.4439929333127655,unknown
-2.139189915887002,-1.4734533260338956,-0.1049737185770244,-0.5674194987140724,-1.7011106032992098,unknown
-2.4819601469833774,-4.865832475021526,1.0464516016925436,-0.3851061570809704,-2.737245533303801,unknown
-1.9973708095369183,-1.6340539004964083,0.5440572593713946,0.5293276233888631,-4.370085198033659,unknown
-2.3802889540723884,-1.0701940188832295,0.28304306370039395,-1.1622927923842745,-3.1533082921321776,unknown
-1.5830132889337456,-3.074479178125275,1.6358784088962837,2.9908478592970287,-1.3897899374500875,unknown
-2.144807455083337,-2.5080302193374537,0.2726190376913746,-0.04784006486314963,-2.806258991616273,unknown
-1.3070438693830768,-0.7679705158529027,0.5656056349654142,1.3417096860538624,-4.603708895770489,unknown
-2.1579662024848507,0.008143752777957746,-0.6728753409808719,-1.282163753568582,-2.2668032043539936,unknown
-2.2618561773594776,-0.04468784893857304,-0.0767254500689928,-0.5048475661061613,-1.5083497724596147,unknown
-2.0077551641777434,-4.5174571360475,1.269557651550377,1.5962332259881162,-4.551395207267318,unknown
-2.2019731101337903,-0.6934948165089718,1.3585045831199978,1.7510802467006217,-3.278471475703754,unknown
-1.9397578813134841,-0.5890849245025155,-0.24850886665101798,-0.22302974509858556,-0.6342981480737125,unknown
-1.4691363925060164,1.5058026364696924,0.5879719834546041,1.4162753599852276,-1.1830111537874564,unknown
-1.8965716712340561,-1.5636380667549492,-0.06628961784496493,-1.159362093370986,-2.50993427872541,unknown
-1.8077405945763554,-1.9122335938124482,0.9893759826109751,1.2804569604150682,0.959885046964835,unknown
-1.95958618654524,-2.4231198599724237,0.7572536663268594,0.7255949256918984,-1.483727758901186,unknown
-2.132325603860796,-1.18241142451257,0.656377907606484,0.9950013514761341,0.1709076279010729,unknown
-1.1394521947186356,-3.9345786283132442,1.6874715513948262,2.872304473200334,-4.171047110882186,unknown
-2.2837968632225274,-2.839961415368495,0.4672021660264323,-0.5990488437820009,-2.322796197413445,unknown
-2.1401385751434803,-5.60952980208303,2.028978459386702,1.826595268580383,-1.9265722145556026,unknown
-2.046531485085088,-6.568871687522233,2.1357249755507306,2.0509140801071224,-1.3517040613941327,unknown
-2.6354621108289034,-3.5046650687953633,1.025252514415007,0.08681754484500731,-1.399544739407185,unknown
-2.5312694753661233,-2.546260064391864,1.2479121843217944,1.206803604487153,-1.0114462782717357,unknown
-2.393940682550732,-4.485348592487301,0.994835866761239,0.6360970543454477,1.3164899215401575,unknown
-2.8594684055012127,-4.271211074114748,1.4271087648406273,0.13414800685818928,-3.679612775413386,unknown
-1.8116991450502604,1.384187728613883,-0.01634577702004646,0.9401784671696735,-0.20561852659860722,unknown
-1.8675150177531965,-2.7342366876193696,1.3105963134483372,2.007446996816892,-3.0370719085535365,unknown
-2.5292474430526903,-5.720735011836248,2.124110283436056,1.5334046489023854,-3.370621865010022,unknown
-2.312180729824851,-3.331406223006052,1.7204641249495305,0.5687172570500473,-0.002627690947438935,unknown
-1.9087952360306533,-2.012952626247452,0.17934890872765785,-0.13533227242631363,0.3787645432817815,unknown
-1.7537862365529322,3.565930290059258,-0.8423347914205317,-0.18980059809037658,-0.4541930584023381,unknown
-1.0780597144369908,-0.6476786833384798,-0.010280451161422365,0.9957485265175606,-2.2521129712475996,unknown
-2.699142210101896,-4.5318331359865045,1.4119864431787044,-0.1254356450956577,-0.8560735571165066,unknown
-2.4085341321037887,-6.015688202836561,2.444762640718267,2.141032765547859,-1.4027068971334007,unknown
-2.7394984450800024,-4.189289859241367,1.6160632272622257,-0.40504916550788683,-3.090229026456391,unknown
-1.966554449945709,-4.97605581961318,0.3438686434449882,-0.25838279106319023,-0.6140635919593568,unknown
-2.208903083473265,-2.258024966693405,0.7285463147059045,0.5383834984343997,-2.1482455441945407,unknown
-2.2002571820470247,-5.466327225113212,0.16192337605617624,-2.036825824468947,-3.099981169157696,unknown
-1.8954781692386515,-3.9216552787523753,0.5049603330067197,0.10115205108075141,-3.2844457794708593,unknown
-1.5758117840529968,0.7244580632364197,0.1739974636921834,0.8105916458167435,0.3688792521315591,unknown
-2.0654859079760333,-3.6357761463782152,0.9573635129069116,1.163071828700166,-3.295885686699858,unknown
-2.3808037518958787,-0.5222253264698292,0.043551848143724724,-1.556296879706005,-2.6406299126094432,unknown
-2.5075256804676633,-4.208893890991369,0.6134862912095258,-0.06264901371834089,-3.4871227819381323,unknown
-2.338344196894284,-0.3198313717168134,0.4591269187079215,0.3599576600598717,-5.5771350904765935,unknown
-2.3659857791764196,-1.8114373701178195,-0.36221407911667797,-0.5574388299999389,-4.977841787309862,unknown
-2.246762951414429,-1.4371604542133367,0.19619489719816086,-0.21071096826716187,4.139184782358234,unknown
-2.6794512081971247,-5.016610804663597,1.072252668419045,0.19053969297372966,-4.515215803805989,unknown
-2.09565957954652,-3.2324780206671804,2.2537603483488455,2.9943089781581107,-0.9980746719318513,unknown
-1.074070048377538,2.851225160049279,-0.8983977992687129,-0.555780125070456,-0.5225764553141682,unknown
30.807708020443265,-5.498435270859753,-5.873348339143401,4.793747024833763,1.0454267953637486,unknown
-1.1253687457348154,2.3630925308697925,-0.4681742634605866,1.0776594629896343,2.3784062915526536,unknown
-1.638097911723409,1.8565134551682685,1.2090135534497592,2.65765243912578,-2.4102851647417167,unknown
0.08195775651687513,3.7717315792047668,-3.033423055251898,-0.7737691657251089,2.025958213187484,unknown
-2.2503079760392315,-4.521210851258317,0.6948501970243309,-0.4907502030888771,2.752138975637716,unknown
-0.8825212476014257,2.9945809108112087,-2.430675101911701,-1.2117282368281266,-1.5434072116945634,unknown
-0.41374048096837535,5.23701112863637,-2.5893628941223357,-1.8095032705014635,-0.5873312053923051,unknown
-1.8546556881695655,3.343815883275397,-3.1359900940418903,-2.3032248439535548,-0.8284677966126063,unknown
-1.650255582174901,3.1896736791411398,-1.5641783704224834,-0.7398730317479171,0.5651339130251598,unknown
5.368787841853487,1.4506272926146686,-2.669272638097933,1.1006214383521544,-0.6675248926266203,unknown
-2.0773474149748825,-0.047138070927409924,-0.9784124954786101,-2.674666137473989,-0.4826368997237781,unknown
-1.3364142283697393,3.0729514086130276,0.6258391732927517,3.2980307994251286,-0.3660851675082105,unknown
-1.3935434052586027,1.1699724294156313,-1.5660823757206532,0.9161808283511289,2.783724311168351,unknown
-1.3806454000082358,4.0819042992865775,-1.170786925222063,-0.01799287950731035,0.10364126643061702,unknown
-1.190541439229986,-0.3039790157564273,-2.1474879394845843,-4.736354956184923,-3.8902907361378207,unknown
1.6263605348534935,-4.285096831273691,-2.7126091003785215,-1.8845698488229414,-1.6727123013587109,unknown
-2.6812018977946135,-1.873915650956563,1.6364453510996884,-0.7601689697129889,-3.7234031214501093,unknown
1.5897475488070971,3.2631131466881467,-2.97786812653746,1.0643760962919508,0.40811674275338555,unknown
-0.8309502261258571,4.218679225654319,-2.6376426390223706,-0.09246983967654616,-1.4828013699753941,unknown
44.57647603979711,-3.0341798690464974,-8.251192593576983,3.769510819021477,-2.4862329904877867,unknown
0.7331864787692958,3.661082821616081,-1.8927887627864195,-2.822835851030223,-3.2338930393068424,unknown
6.716193474792834,2.9342079265092327,-4.298465564613441,1.651080706215994,-0.7883857499629607,unknown
-0.07381713087518947,3.2520583511078014,0.8943987278794429,3.4503948337819335,-5.298159068396567,unknown
0.2299336510388632,-2.99669061284247,0.14205180141552728,-0.08407324838721501,-5.743216206093014,unknown
0.37242593437324234,3.245586628524794,-3.3977819329112147,-1.4319561360671627,2.9051906278566415,unknown
-0.4421789978003723,3.1886153593845847,-1.5509551275998803,0.2157030932416933,0.35797741440161546,unknown
2.5697757470755294,3.4563528188639796,-1.115464296228773,0.9077632176674862,-2.1546430196922555,unknown
5.799895340210713,-2.666436579487927,0.0557377592209633,3.968043461146518,0.22956902572211446,unknown
0.2966481117672776,-2.1272019586015247,-3.5735087456556256,-3.801644867518783,-4.4114408589726954,unknown
5.4809999428925025,2.459486240886144,-1.6113725416177984,3.105484324412906,-3.853774020501781,unknown
-1.3542149810935573,4.851077757345461,-0.9208296568601114,0.19527645744438846,-0.5395853776922531,unknown
-1.5258950894063654,2.9623606024152305,-1.710720064090768,-1.7059030760362415,-0.9313883216350168,unknown
41.34278293188346,-3.752051930888002,19.699607349713563,-11.691411991888518,5.740422678836971,unknown
0.03948210110570361,6.662405652578964,-1.3039662672081513,0.7752066666157964,1.7565539743891303,unknown
-2.3511603826570138,-6.050798731867901,0.4421781486368984,-1.9810980467522823,1.6689443831675859,unknown
-0.7379530584804399,2.823338970033769,-0.36204681762661184,0.7317904208486369,-1.1347464848266269,unknown
-2.4362246482973773,-1.2303693281048251,-3.1387345751241056,-3.8240776915387458,0.8872439945949222,unknown
-1.787550638988008,-0.12078334534313653,-2.180820127248574,-3.1688969362308463,1.393625937360147,unknown
-1.139960415899083,0.7365770433043927,-1.1736571150007413,-1.79860542518749,1.1802304999366044,unknown
20.337742850844045,-0.5696272296013064,8.555737242197743,-3.063097625515854,1.8796820446234264,unknown
-1.441585834889627,1.8150736080852814,-1.4234954260830506,0.4033515139419465,2.1550114496695043,unknown
-0.6767635156548714,0.8861984092514786,-1.1555356063213649,0.6841774079979115,1.7709215598698849,unknown
-1.4635598520788402,0.8974388325136827,1.8342060235723494,2.5138689687871367,1.2566020990977658,unknown
0.7861810362870216,2.7720362214788454,-0.6014654834240202,3.730961448106627,0.7281519672009535,unknown
-0.5749180785366916,1.005224668831827,-0.6690807922040944,1.2806800276754504,2.419600941693793,unknown
-1.8273301225194496,-4.879187812988748,3.859978578449417,5.595840679789031,1.1741999552556113,unknown
-0.321079606996663,2.255363747325418,4.317557355751398,1.880688327070195,-2.4240833725640414,unknown
-3.027758121109751,-1.9979545998221675,0.35027818458881116,-1.3434707075111105,0.7399343941652817,unknown
0.03135761339669956,-1.2223777054460232,-0.32739425536099487,-5.821545190253629,-1.5822809686072323,unknown
6.236596951862365,6.018092522872258,-4.270675299181785,1.7868666496615087,-1.9105620250767086,unknown
-1.452434520522746,0.57467330407283,4.348986509371985,5.569379649946052,-0.48744278877451397,unknown
2.7189043326037723,-0.5468951032932217,5.205587324624186,5.754937037977332,0.030849398891383918,unknown
-2.362065440527766,-1.8314395259174425,-2.275384789651678,-4.4532151104508095,4.682651269563012,unknown
19.351139359751272,-4.943549737337574,-7.320853489710992,2.4889992434048565,-1.4328051060876337,unknown
-1.1578237716265494,5.426783981356053,-1.0145351202403163,0.9733558662011547,1.67282261073791,unknown
11.648550289334812,0.5596548521030407,-2.867024435722517,1.5566198525621229,3.385467973560938,unknown
1.1131059715904446,0.967438356745561,-2.735502814381803,-3.277479708691332,0.6107535528997738,unknown
4.017402690390608,2.903292993357974,-1.4470414961924387,-1.0818879781239172,0.5058949669540888,unknown
6.275941463534115,3.4389338754332193,6.327795338140934,-0.6799331757729149,-1.4541907334173683,unknown
-0.18121983490641091,2.076558760820028,-1.7460134620897063,0.9659088665793001,1.9217968686599953,unknown
1.1118878164143817,2.54881179119731,-3.321656975844683,-2.9421932199264047,-2.8103408580436096,unknown
-2.7260298575969153,-6.232414997965869,-1.7611754597433706,-5.792805114306823,2.7499138989936873,unknown
-2.032227069874478,1.8130435117434676,-1.789199169720534,-2.3848336885370482,0.220897833334673,unknown
-1.1784424758558107,1.7087301745654235,0.8314235475877613,2.055583859598264,-0.8613316424143418,unknown
-1.804309462449822,1.5001866912067883,-2.363645609236991,-3.5950260783927845,-0.07584804182109958,unknown
-1.8334474958731517,-0.25744532235434153,0.4705808966674921,1.2469935125219498,0.21948734233157913,unknown
7.574779549925425,0.24350601264810903,-1.3075948063952447,-0.121066600451469,-1.2337177442467193,unknown
-1.7791066935811497,2.105065624038575,1.4253797761888514,1.6708163218885939,-1.2204294368969255,unknown
-2.2918045466692547,0.9085790037364655,-0.9003058725678369,-1.8895596321649306,-0.614125524728137,unknown
-1.547009157694906,-3.7660591672762243,1.13956101965661,0.828180727988409,2.1124573731137617,unknown
-1.8791765369531024,-3.7222144292093424,0.48208747439586513,-0.3049914507322477,2.9426245688374455,unknown
7.378268014360727,-2.6170524240441155,-4.018071962575453,-2.3333550766072726,-2.048642639700515,unknown
-0.5770545109606536,1.5300098349620266,0.8071017374362385,1.1670137331466734,0.7450867982194389,unknown
2.1468283801767813,1.8861497811836807,-1.3058818702577826,2.781369515234296,-0.7718701439414443,unknown
4.172699469474481,2.0143816441984552,-0.24530106640786797,-0.392749711421728,-1.2263922026822835,unknown
-0.697871079962154,-2.1786508774180215,-2.669793213874323,-4.265531910030192,-0.7267201300828008,unknown
-0.697871079962154,-2.1786508774180215,-2.669793213874323,-4.265531910030192,-0.7267201300828008,unknown
-1.7210508791512915,2.237838457436855,-0.27012715060356945,0.3776552392605277,1.3326418396336779,unknown
0.9862307814082862,1.0709952861550762,0.4583447263226502,0.15342968472586466,-0.6970005106385334,unknown
2.0023006759261928,2.363978969968096,0.2313246558813821,0.35793386154662343,0.9944888111980245,unknown
18.10650874597104,2.403860750937671,3.3833485337781375,1.1398387641178855,1.0330776833143733,unknown
4.442795835693683,1.5447030411149532,0.5577968714121049,3.7206161302332967,0.7581081175025938,unknown
-2.042911609292896,-0.16369106713145026,-0.46685232178362934,-0.8618450416617007,2.6543744063647283,unknown
-1.422605125946787,0.18002708938205078,1.163066833005938,1.650896569201521,1.7572351040545575,unknown
2.2245290575327914,2.7784373540270235,-1.4124096431836282,0.36708541679662,0.5179420908756444,unknown
1.0616008336312448,1.9212437534644822,-1.3880211946144112,-1.0971141329781346,-2.970960471034198,unknown
-1.4203259224635405,1.8515011094866554,1.372314913781606,2.6210322893721547,-2.733438874385915,unknown
-1.008691003599533,-3.1509850413723433,-1.4319983083626948,-2.06197410785848,7.403801281155672,unknown
-1.8474938870014808,-2.8423614892848286,-0.9033806527800717,-2.239487518227745,5.983843619283508,unknown
4.250260961093989,-1.5077968057594804,1.0702798937611806,6.734351465293075,-0.733831746892713,unknown
6.427971099249247,-0.6463490332906197,-0.8383422770329266,-0.6541905104116376,1.824835966950596,unknown
-2.1936201650703198,2.565898609155954,2.2898937494150067,2.5796343180529266,-1.0950302802070668,unknown
25.501393243805925,-1.9575874754108304,-4.261963692375156,-1.0783900277249747,-1.232302877365088,unknown
1.4384683927039605,3.6011699218849396,-0.0527027116831601,-0.9117687669734248,0.9349832677468424,unknown
3.232815406204548,-1.4739246603836067,-0.754330696438125,-4.801738871156222,0.6998500314325719,unknown
-1.4529992494375932,-1.1560116131611293,-0.5965624065803696,-0.5529872814947898,1.846998920857735,unknown
5.419010236683907,0.5573340725018264,-1.0406589406475124,1.1808516317703308,0.6343991036910344,unknown
-0.8346370045526258,3.205140511161799,-0.849578306601956,0.8701972744854086,-0.042231668054086215,unknown
10.81371496965926,-0.08311694484241249,-1.805994816549728,-0.9455449020070636,-0.5632731351045437,unknown
-2.149386347142218,0.09795405388138773,3.0190461318291617,3.474991861340891,-1.7217849222164059,unknown
-0.2386407698713588,-3.560547110734079,0.4236525942809388,-2.472634348822201,-0.6095980983624354,unknown
-1.7572165672268918,2.9855636683741458,-0.9292181833676034,-0.012707419961388243,2.9957232839221413,unknown
-2.6158349774546763,-0.7364369440301045,2.2061969189080335,2.397890666209822,-0.8184873981325648,unknown
-1.6619536285307401,-3.410823899870034,0.8993794643747473,1.1946531095352526,1.063400153391601,unknown
-1.7249808475638018,-1.1380442260304982,1.6096735315605486,2.0776801902287523,-0.6415619834787045,unknown
-1.3243219439329381,1.9649902929045466,-2.0546126925645334,-2.474628135978589,1.925280318739346,unknown
-2.551790570496657,-1.140079082906803,0.799049960937295,0.4389550746886049,1.550031491236979,unknown
-2.5664721191821473,-2.737064560842681,-0.9326333732709091,-4.2941791671874885,2.4337435922401993,unknown
0.9476565148703265,-0.6339264883549773,-3.2544426189112805,-4.221335674326023,-0.2694171152082734,unknown
-2.1514989423098085,-1.6604561947852636,0.3661208330902732,0.5725703706707794,2.5488430115684433,unknown
-0.5024358193173812,1.3188191580036313,-1.2238039717896767,0.12614445450112102,2.7142278950387655,unknown
-0.14649071527505045,0.8934870604343457,-1.4011093744676006,-0.8803310064785126,2.8918728080827067,unknown
-0.49200031154409235,-0.9536691445125277,-1.5479485942299023,-2.890963588307182,-1.2157982223333397,unknown
-0.4299744538561995,-1.0275006751112714,-0.21716402859944461,-0.10521700197477196,4.6045902887731645,unknown
3.3228650388031196,1.8122995155847799,-0.18955180822749193,-0.4380719850317725,-0.1656916831961462,unknown
-1.8940122171286775,2.2446571686783368,0.3157045644798531,-0.07655520792097502,-1.109429220514245,unknown
-1.8837989791342677,-1.6468010101746777,0.10213237402775484,-1.5506201358497673,1.500062577893723,unknown
-1.8283418073568884,1.6388375443486394,0.2765563297147504,1.1656107309427275,-2.5195641325231146,unknown
-1.8055737776020275,0.15761299915538232,1.5405087169849465,2.8878480219092766,0.7060245613544911,unknown
-1.4810406709638713,2.1895349998220457,-0.39373872079076466,1.4103783612398186,1.8789959723728429,unknown
-2.8419747089262537,-6.7222472409860785,2.190542802315255,0.2767641088157322,-0.31991657994594314,unknown
-1.7595442380025044,0.6358774681821834,1.4303054979681438,3.153753559561349,1.0891268546072992,unknown
2.195490005186757,-1.308159420225083,-1.0848905427653646,3.2208012252763405,2.1067680720888347,unknown
19.27221775462729,-7.008594601327122,-10.911816949302203,9.475382413823157,-3.225515492710215,unknown
-2.2251211856781183,-2.5527082427852816,0.4589767510719381,-0.5218588103209204,2.3641456618296814,unknown
0.5790901838445102,-1.5232816547279207,0.20564097889692215,1.9066418430028884,-4.062414131505078,unknown
-1.620051628436735,2.031150960197231,-0.30948746170602853,0.9870897742356324,2.441154948408792,unknown
-0.6805972861684872,0.8972666935134274,-0.5640774274626847,1.5728548728771017,-0.40559905111915395,unknown
-1.778639257618289,2.27575880998156,-0.991448717834489,-0.6095045031621881,0.7119907562372757,unknown
-2.5052700781745325,-4.368636340192292,-1.3009920095019047,-4.152246387827631,-1.988660023631405,unknown
-0.1717486357613094,3.0562863855305444,-0.8823680495082885,1.6142061747104266,0.46993237838544455,unknown
-1.3313075425208196,1.049978698663894,0.4427778615749802,1.7305007753269455,-0.9325595704687892,unknown
6.099377704761792,-1.0930254165292939,-0.8296187741596931,5.262114537895654,-1.65867765574828,unknown
-1.5356102382441108,0.35297068399658743,-3.1290451586417793,-3.853723407954059,3.40940572544672,unknown
-1.4352190729922523,1.5216845974054258,3.478064539794994,4.558182447790066,-0.7691340169006242,unknown
-1.0835826094076715,1.0547102637513177,2.0874568940746054,3.3869786200049283,-0.09809197142305585,unknown
18.145282298840836,-9.357370517061392,-13.27808539300734,6.925858794142476,-0.9195639093471666,unknown
4.624496315320474,-5.650076856414037,-1.7544677475823478,3.0752935125032144,1.2999053272145151,unknown
-1.69487852811486,2.014147374318176,-0.1743350524167295,1.338507004345466,1.078410554049323,unknown
-1.4222377119720093,-0.14399287572725916,-0.7336923782104142,-0.6940674693796782,1.908576481452829,unknown
-0.6469737303134424,1.661954589206919,-0.2824646222709703,0.48168315163281794,0.12541012944846286,unknown
-2.556579165830218,-5.277460933914874,-0.036636107680589794,-2.750193313554305,-1.3708112780362962,unknown
-1.7270450834476558,0.18548711542416965,-0.7128344999807965,-2.084732618934633,0.30754365634657915,unknown
4.882572904079312,3.617499549505152,-1.9270988437569816,0.20517306146484907,-1.6230232093520933,unknown
-0.7159525087175349,4.206355520503852,-0.48181255933979883,0.5225716931582608,3.819730607569847,unknown
-1.9216297667282285,3.8592659796366466,-1.531559530370056,-0.8310882605299731,7.546857637903354,unknown
-2.204784207830117,-0.7179840616999366,-0.8449606644777613,-2.726888116804896,-2.1365968118245684,unknown
-1.3020338439570578,1.3474838747748916,0.5643770082079006,1.8535521837183062,-1.7576309177812885,unknown
-1.8897377448997454,1.350169973092455,-0.2177303230699288,0.7823865264328442,-1.199049700805076,unknown
-2.0240033430784248,-1.4996865294269965,1.4260436892280006,-0.5150109689611349,-2.198622227833763,unknown
0.5123768833536899,3.568005710539435,-1.4199027180217048,1.0097348292230457,0.625629341682156,unknown
-2.590404151412949,1.5368680774480523,-0.41327299234984954,-0.5590963923784082,-3.7118708035354637,unknown
-1.4406641436648646,0.2519551939521844,1.576943212037262,3.3026461279363533,1.5501771667421167,unknown
-2.040402639771558,1.2126511718975055,-0.41770801333640145,-0.28318989675336836,5.712284037002935,unknown
-0.041394467454289194,1.747795563911929,-0.9764791583109721,-2.464813797563823,2.746544159448248,unknown
1.7675165094274672,1.459184468154914,1.5145998705964514,-2.4248084171994306,4.60519444980662,unknown
-0.6100617887584338,0.901152108661696,-0.2848344892095491,0.21429975194137235,3.6819448890639026,unknown
0.6669152761684963,1.3421033316621283,0.9561815564951676,0.7669457688306451,0.282363161802834,unknown
3.4029410604363557,3.1175531365323987,-3.0080048314602825,-0.8351642123150135,3.0330835258173425,unknown
4.0472702069543365,0.6784867401783325,-0.22237577010045426,-2.732829937637599,-4.453572892524822,unknown
-2.0736171196312614,-0.034452755166764944,-1.604309774604298,-1.1400353992773165,5.796759258198569,unknown
-2.2579422480786504,-1.2125539802939063,2.1006033349064097,3.267996442368626,-1.5542321669889416,unknown
-2.3434416317333766,-2.446121028128333,3.0704349461004674,3.4526364405455827,-2.974205251900036,unknown
-2.293157924443111,0.8646410986608613,1.24203031437584,1.4346808465422638,3.8517999302269357,unknown
-1.9671467868131636,1.99344293622852,-0.1852680542447019,0.7260040644849849,1.2467964058403957,unknown
-2.632781451203852,-3.2909023363943763,1.4861437949173566,-1.8337335623844282,-2.183184359696459,unknown
-1.3082568982587195,1.4938123022992784,0.8186170994827199,1.7568426808390556,0.590293682077632,unknown
33.596485061228314,-7.826234378679666,-11.707983100277533,10.443435481894348,1.7478920339975614,unknown
-1.6836093573418383,-2.005165852740029,-1.4435829263488271,-4.75758367034281,-2.7822238680776055,unknown
-2.446622105309761,-1.0291757321488637,-1.4957153478779162,-3.1110002567808492,-1.8139036960558583,unknown
-1.4090558166341938,-2.9264053775739884,-1.4234361368503912,-3.0591405090085417,0.0528796515163677,unknown
-1.6605340926109666,-0.2761952546229631,-2.886598683932999,-5.5231411217533735,2.9767543763031292,unknown
-2.790402056092825,-1.6347088905264504,1.617142719514663,1.0711485344675045,-2.513247773345755,unknown
-0.6485277609310165,-2.4449538735207,0.9751035301228146,2.708092952308501,3.06020778549534,unknown
-1.9613297873628002,1.756490734203709,2.5719952996231745,3.4009779308670445,-5.324617654036751,unknown
-2.2088124987764224,-0.3281789744012063,-0.9399396084574949,-1.7761330549283327,0.8312730286507681,unknown
-1.7861458311779164,6.732049948069709,-1.7130266412363215,-1.100047457304985,1.119819651098544,unknown
-1.70720377071299,2.910804306376237,-0.4777884511099145,-0.4305181986549632,0.7038566211547695,unknown
-2.115718899686645,0.019129489826277588,0.18177565053280836,0.6644002555188112,2.956431489052487,unknown
-1.0242344814298987,-1.837259310515251,2.023952311395976,3.8064393141471826,1.4860641013847922,unknown
-0.9315874472818366,-2.778068059523465,-1.4733151914871894,-2.7847323403254802,2.997955891766109,unknown
-1.4129788142010216,1.3398905903896388,-1.3060454507732673,0.3389921653601304,4.014585659285086,unknown
-2.010788968119573,-2.967451653963935,0.11202758145166869,-2.0388686342244418,0.5468544184094887,unknown
-1.6444508151710986,-0.22828430128493682,3.040214231376222,4.279938588686176,3.194975206494211,unknown
-1.8583724593476134,2.508325143714488,2.04795016880414,3.4776804169529982,0.13001473255959142,unknown
-2.538215932423648,-1.8166717558084393,-0.2991728021065606,-1.6183049039335164,2.7209651894897484,unknown
-1.3104963542386034,-1.3714579914285752,1.7465158100769036,-1.0886116413805924,-1.376578326058828,unknown
-1.4666679420699953,-1.3541425370137994,1.5290128502037197,0.2331788342239602,-0.8375538998382865,unknown
-1.9249811875314962,1.1841298622626815,0.1191936633731358,0.22442509502084962,0.5820407783545963,unknown
-1.9214794730950702,3.379580160438601,2.279720045652371,3.6070755024135064,1.2686105571316597,unknown
-2.306772151535376,-1.7708491490676974,-0.6046681688764731,-2.771686843589892,0.13215968074507614,unknown
2.4887075091105255,3.221586222481159,0.5509644773933824,3.6491769485728263,-1.844148579474606,unknown
-1.2763187712309698,2.9272985292588443,-0.6818342772093162,0.38642331909540967,2.2173787854588385,unknown
-0.4987519102430956,0.23806259442064004,0.7595662398421676,2.6525998445438024,2.3580921263066092,unknown
2.974542625951905,-0.5899302984500558,1.7545480759694374,-3.043925992916419,0.09399584664584182,unknown
-1.3672440566664321,3.3538991756774865,-0.7425702220931242,0.09135066939231011,0.4829575251647229,unknown
-1.505579001655668,2.7965098260278407,-0.48092290865137033,0.7971262643079475,1.463003167727992,unknown
5.380787225509927,1.9717096868773742,1.0159064590683775,1.451944099590735,-0.2608793538928058,unknown
-0.9860697775999265,-0.9108575348975368,-2.2698229868342654,-2.7088337521228727,4.102097955260964,unknown
1.6191098767229948,4.2924558281912075,-1.0655550146556318,-0.3354106069002531,0.19933758223179815,unknown
1.2358343954602868,3.5934073548804935,-1.5054282883687378,1.0346840655548923,-0.36864622808268077,unknown
10.1852638304695,-2.9716981409349588,-7.526041294220927,2.788943618312462,2.4065329237341224,unknown
1.0163098696348232,5.245203702787947,-1.1303394784746639,0.3136691395078608,-1.0032892937363904,unknown
-2.8608277822537316,-5.232445951874798,-0.606623736626456,-2.763393375203825,0.1568513442071419,unknown
-1.8263920674646834,-1.9108568319624784,0.1889215753663284,0.4890504021760198,-1.3202185267735258,unknown
-0.9338347139628326,-0.4037921083207834,2.3452892337847846,3.6029180916099715,6.141044840018483,unknown
-2.1256564017571793,-4.562695097849132,-0.36743722729452144,-3.182497860548244,0.28802643209914724,unknown
-2.5262834076143568,-6.85244156866589,0.15881528363181285,-3.421751224744112,0.21274940845403434,unknown
-2.561355021918696,-5.520493956070266,-1.6260598249490286,-5.273918663395916,-1.0593231241892018,unknown
-0.9238517490812619,3.508475613768352,-1.9907029859155048,-1.6116931485302535,5.859105535679119,unknown
-1.6875714410872882,1.8872230639523417,0.31162816248838415,1.0660245936915151,1.6741200937150018,unknown
-1.1600917225214047,2.3206355944578485,-1.0794774870202044,-0.9970188052697014,1.1174159234372494,unknown
13.104111181451835,-3.8204796276440938,-1.2805412669708087,2.0007416526189594,-1.3978162298418986,unknown
8.873459410842926,-2.581747757598604,-1.621253070737974,-0.22883847844289504,0.8266853984668288,unknown
-1.8612593678183094,0.15284526693975173,1.1094149068993524,2.183829225483617,1.5322739709024862,unknown
-1.8233716425253443,0.7754830860940798,-0.03761515797000389,0.6271494266167439,1.2221295618761878,unknown
-1.29017105419714,0.42243618868599003,0.5655297063233855,-1.0889983124086144,-2.8985011542318024,unknown
-1.6442505841122124,-0.2339359817119639,-0.5891008220408442,-2.66342501955464,-2.873008719172228,unknown
-1.1417378781422163,1.9071397055141301,1.0284187425065248,2.5659799749795287,1.6021170840869778,unknown
0.48601847859677355,1.3891473058881716,-0.9265566522449374,0.2109835518876365,3.7580944618085437,unknown
-2.5696642503653697,-0.8986555059183583,2.06293355315791,0.006500269451727897,-1.9714125224776313,unknown
-1.2404399626251974,4.992406787237075,-0.48275265199184403,0.2049441036001975,0.27632424592993915,unknown
-1.6976769900911521,3.6153814150504524,-0.4254824432825476,0.25251312253454133,-0.4517113633275816,unknown
1.34388354067349,2.837399099929493,-1.1339868807773648,0.24834546578642994,0.5283183976064801,unknown
-1.458360745012605,1.8660556398687689,0.1825984675691928,0.7810270495199086,0.18752211073801897,unknown
-1.826808785610945,2.038828440755271,-0.027970176581360275,0.6367412078131857,-1.8414703019051613,unknown
0.13883667334156777,3.703981280557784,1.1127978296876009,3.1088016918249592,1.046398435539884,unknown
-0.808086502239863,2.0611323819045935,1.3643261848590342,1.2396868999998303,-1.4009148682732024,unknown
-1.5680709178515335,-0.7527294333283794,-2.1605456261796854,-3.350628265123726,-0.25909097758050303,unknown
-1.7354146903153445,1.8591667011488897,1.3364939560875522,1.7667878567667865,-3.898216484369578,unknown
-2.111721696215624,1.8804388606417963,2.2065624070006598,3.712235916586415,-1.8232140926600908,unknown
-2.692021452334241,-0.05622076907026953,0.326168668378771,-0.08629017615331708,0.7325431859288732,unknown
-0.12709060011431675,3.908572768300551,-0.7861368500544093,-0.16160643536173316,-0.2551575204141632,unknown
-2.4209183055084824,-2.5631696084306324,2.0862912158706406,1.2143616810882394,1.1198555702476554,unknown
-2.524487841508603,-1.2260804899841509,1.7197562563766806,1.4731583659659588,1.1769320889055996,unknown
-2.16936840347088,0.6799884822412459,3.626882362299662,4.004293512324372,-0.35524543196088637,unknown
-1.9933257571009182,0.024500576846833898,1.981758617413128,3.096882111296594,1.7466822185224693,unknown
-1.791723880376916,3.151084214782404,1.505232231187159,3.076648184897994,2.321951845169187,unknown
-2.9267814698482466,-1.534084599942588,-1.4185403020360372,-4.1387740800287744,-0.5296174375629273,unknown
0.1405514818544655,-2.0587252739392814,-1.6445608025477503,-1.5826282406429968,-1.7114609926360476,unknown
-1.8132118340853005,2.560784730005077,0.7352648607633806,1.654347237383335,2.9361902333526277,unknown
-2.1593048304998415,-2.8873739590274163,-0.9069307768375287,-3.186452850012531,-3.0434517650112207,unknown
-2.818712364020755,-6.037447335618119,1.8720359541380818,0.018197462894507837,1.7898534522508887,unknown
-2.442707306811498,-2.410269469149407,-2.342339001431189,-5.135346730575001,0.519460220153522,unknown
-2.3970797727877167,-1.8289282281510488,0.6204976859277261,-1.1116899762743258,-1.2349353253598205,unknown
-2.0691791585863424,2.087463862679933,-0.00669232643300732,-0.0026372884678006977,-0.005694339901672464,unknown
-1.9164604024525496,2.971417780734399,1.9835419322128345,2.006813402163669,-1.72237004266913,unknown
-0.27039992665173107,2.5003045143113414,0.36213918219231106,1.460384655130581,-1.128663867502127,unknown
-1.742758417106923,0.4037166853535256,1.051493395452506,1.442827126880648,-1.4341311322766106,unknown
-0.7862971813616974,1.513256925989333,-0.33162652514156354,0.5800289781770729,-1.228520612496672,unknown
-2.2972140096673437,-2.438798358890461,2.674473257455943,2.477247845057974,3.3279983148210346,unknown
-1.3619113344020721,1.8668115930364224,2.1763783842996074,1.3010408009268082,-0.9103821310777701,unknown
-2.108943259675094,0.22895369570426435,0.39817143660937976,0.8068004379404199,-0.29857792631707997,unknown
-1.5062258530765131,-2.727692588677076,1.8790875193119403,3.613602003882253,4.855424468342975,unknown
-2.3023657645934135,-9.170716305640445,1.9168160934728784,0.7236410134432164,0.5576959421265855,unknown
-0.997755201759091,-4.079921969570155,0.7584043010540786,-0.02405643080186572,0.4557851607655408,unknown
-2.109216154928255,-2.5028352254999304,3.0883326378857516,4.582071884568641,3.417181444480471,unknown
-2.058046484259787,-3.4528632420913397,2.9732219335026486,2.994531528145037,1.728234556756924,unknown
-2.0423535936595645,-7.675735879179679,1.0958433213671521,1.371010832537413,8.259469429306414,unknown
-1.9467384772038057,-4.005113574408465,0.47737383280454165,0.21307304064121202,2.910025789123412,unknown
-2.6697168409831797,-1.2532150281527328,2.019704140813822,1.9246448403869363,2.4062745848865834,unknown
-2.370335062139613,-10.12735566312029,3.484165611363625,1.8786659233613583,2.9998298704624706,unknown
-2.256270352495863,1.5936430373914625,1.4435180937567453,2.148776300075991,-2.0399835379216276,unknown
-2.0427128779850428,-1.4279463840273203,0.004240205952345205,0.8184003656034848,4.476618452955889,unknown
-2.356477290896665,-5.629609240800851,3.1957743027422256,1.8921601223832483,1.3233762316633026,unknown
-1.5975598975797556,0.004698860698761699,0.1301080884775568,0.6026721512675939,1.474237178176686,unknown
-1.5369502519920921,-2.505672254959841,1.115034980017118,3.0386536894710763,1.73128398087919,unknown
-1.7615998844185536,-2.6600179725231214,1.759030663172817,2.3797893429525794,-0.9797044508323387,unknown
-0.6958787325793645,-1.0441554624077989,0.979400094204688,1.2696385348938855,0.11470075896322816,unknown
-2.078853453575816,-1.3219312379116612,1.9190208364033725,2.8341168015643063,-0.3205858751609578,unknown
-1.7192981924250965,-2.2406224577420013,1.3271977981452387,1.4974080188848045,0.7160693871629512,unknown
-2.127776690879294,-2.50085839766913,1.1927779167420733,-0.014539780958698298,1.6023173151458108,unknown
-1.869095036283653,-1.1038230741661232,-0.06300174650392608,0.9388267683585094,1.6937355413057649,unknown
9.536864547698784,-3.796459496120736,2.8555508146783697,0.24711667988298483,6.7335371926941905,unknown
-0.9006629981477328,-3.422915227793241,-2.383025518084972,-4.322222085904332,0.2751610626929475,unknown
-1.4417810464941165,3.1141864402538957,-0.5699105106880963,0.806934829648735,0.21648438364684502,unknown
-1.380440195389261,4.6581015561259145,-0.7706992417097243,0.2915031435088043,0.2806324478682881,unknown
-2.2177377398720792,2.350564713454369,-0.8832949884820137,-1.1718019142707128,1.7030462948662621,unknown
-1.4926989333512677,2.26409459213497,-0.7712830674196606,0.12145878436649322,-0.6658594634013559,unknown
-2.0181707868616057,4.980520377596423,-2.3218460823859144,-2.100653671946641,0.6874876730268847,unknown
-1.9336709810172565,3.0392347728990416,-0.8091187140241297,0.14023222978970803,0.7714330032979917,unknown
4.361657402022614,-1.7061332143660997,-1.8468259208872297,1.7757107592516657,5.977595891069211,unknown
-1.2692479622127308,3.436504653685191,-0.7844659920269834,0.5579764726552345,0.3964212481433119,unknown
-1.8216484647173765,1.145996653773504,-0.4915710279409424,-0.3508710892231674,-0.8469030303136286,unknown
-2.277025992958266,0.2680968321894811,-1.5382585465104288,-2.7844563165027663,-1.3191943302617064,unknown
-1.9511809863209524,2.4074794341085957,0.173930302915017,0.7831924034237815,-2.1850397425473695,unknown
-1.144238940746905,2.748615387502805,-1.088012326889673,-0.24011126107568906,0.5842800853201148,unknown
-1.4716178038998395,2.2512182178821765,-0.585896047639536,-0.11271989982573623,0.03926941524344553,unknown
-2.274808585792722,-3.1489449350831786,-1.3839150900887693,-2.6281745337492692,-2.9463965381725625,unknown
-1.7119389788828565,-1.4762663093954438,1.4252953760742821,2.9969903656385046,0.91898550636712,unknown
-0.8818702232504952,2.0443905027118268,0.5314660085061776,0.7664985077795209,0.009776244907819741,unknown
0.20576716487061955,1.0743793472425431,-0.08090542108564151,3.294773334646952,4.282359828937756,unknown
-1.9481505921276718,0.7511394863868059,2.5817854550637898,3.2120343005739977,0.44209986863432993,unknown
-2.1343532736579496,1.9170007305652652,0.07223127717634907,1.1667743539549895,2.3846888880039656,unknown
-1.7634714859169072,0.8729616766621993,1.9076208232205598,1.8496726556846723,-0.8150703749463764,unknown
-1.2761640091716908,-1.2790239252867446,3.552666444704987,4.015787525402204,1.6040144054649088,unknown
-0.37465446807881064,-3.2068422598499593,-0.6445524808671395,-0.5025658399353365,4.948941296001254,unknown
1.5290870888257255,0.8378657977885817,-2.080963800012846,0.35923548024943747,1.4256913376796223,unknown
-2.0116690813702114,2.025729099868678,-1.681737426153052,-2.014267114442706,3.455955524389035,unknown
-1.771394221312613,-0.9336804184783715,-2.7803344939952073,-4.184356508123666,-2.55237480155737,unknown
-0.49057868498358365,5.535321571137225,-1.8662967528348955,0.015199336456685317,2.878290611795306,unknown
-0.6441793605493018,4.482982463562935,-0.9470068697188203,0.0938207394647678,0.7258543771260848,unknown
0.9994506144868948,-2.9185890267693892,-0.17640074331318373,-5.3404286330437705,1.0579623912228426,unknown
-1.6216748374944483,1.7905356392258742,1.6594178695072592,2.1115557737831425,0.16091244348142744,unknown
-2.4508677948509323,-0.14651733756045668,2.8790715320738616,2.7514062336343903,1.5161996429371978,unknown
-1.771556984246966,-0.36715363015282637,1.985049252971372,3.0358806810604198,5.107362152555497,unknown
-1.7135341378585656,0.8657038246727169,-1.9142795835098863,-2.704570563939803,-1.503394347720212,unknown
2.5664731143285664,4.210540283510681,1.644747099203201,0.5447887082404212,-1.6830341635394583,unknown
-2.3388440847812744,1.1968018251841401,-1.9933566708755164,-3.890039376984085,-1.172857708710286,unknown
-0.5511885001800384,4.885626577023542,-0.6563486433245616,-0.17823741398065893,1.552065059920722,unknown
-1.9021873256051611,-1.0412221649459914,-2.620181656362883,-6.746592476732919,-3.1493449137755665,unknown
-1.314231344299248,1.791988011792647,-1.5867822965725673,-0.051385186116518745,-0.07540815225142135,unknown
-0.05614312747498292,6.349820591675266,-1.3747285816222843,-1.4934663186169763,0.29133994158198995,unknown
-1.6753157701250998,-1.7564708548397963,1.5336250273213976,1.725858906937951,5.899911094997171,unknown
-2.077429981233026,-0.9306291196769727,4.721946379279578,5.678704057710418,1.5120452206130703,unknown
-1.668568567402143,-1.2570392047764751,-0.28349075517534345,-2.4604451404051857,-1.9319143775543488,unknown
-0.8390017422294883,3.584341831720762,-2.1356953565951766,-0.6619076107055706,2.117047399140135,unknown
2.3081641804738964,2.4004480821387832,-1.3146443509617045,1.5136400920729467,0.4858468264619875,unknown
-0.42020366643048107,2.482341388054927,-2.164312354075351,-0.6417662945464739,1.2302761649919263,unknown
-0.04995488567792553,1.9497277570164506,-1.0771214083362628,1.5348463174510294,-1.380966797970799,unknown
3.2240593625986342,1.9530781839942815,4.95526059525437,0.2789416905698494,-0.5040914314900852,unknown
4.227891183398385,5.283497269475053,-1.7393910917677209,-1.5538253956327666,-0.6733704291687025,unknown
-1.843859348780349,4.684356154215799,-1.7907207096769096,-1.0754714337105575,1.0340297903943616,unknown
-2.054828840368647,3.8575998764485053,-0.6445853393117709,-0.3473945093916529,0.9712321710908957,unknown
-1.5347913375321667,3.38304119494379,-1.8119880049385264,-1.153386851494314,-2.7437546753174935,unknown
-1.885319787359849,0.15632308863320266,-2.227424794543521,-4.210129423548951,0.7352064316014677,unknown
-2.0352109638710822,-0.1348898413552827,-2.1847506699579844,-2.890214352538036,-2.986834388653475,unknown
-2.1492887537870526,0.9834475128023722,-2.007508235973155,-2.0650540442115055,1.0185568639662246,unknown
-2.1125850130410386,-0.14088860314004065,1.7100409303443764,1.456762601792562,0.04400919710176157,unknown
-0.8542354108011042,0.10966377149655672,-1.235843652274983,-1.5112753475111917,-1.612614608724611,unknown
1.4523784406664566,-0.4957418126174938,-2.7866918489359485,-4.0057801751113145,-4.72411249876363,unknown
2.8156735062804814,2.2021483020485455,-1.0741147563306304,-0.21560366690924462,0.2978654818509996,unknown
2.579744019801631,4.892210873709112,-3.1819431157228224,-0.2399933209104935,0.6573719398112042,unknown
0.5529314746731758,3.029950461707008,-0.8604682296852082,0.8182581906932157,0.3687239649045998,unknown
1.2085700513132105,2.15227541581222,-1.3756761701810996,-0.6819175394053595,-1.573188530145832,unknown
-0.29323893158587233,2.8597508073865505,-1.1778802795133978,-0.8150732345926901,-1.1379104482040971,unknown
-2.875903115320832,-1.554404008332518,-0.8875238824377595,-3.4164754584914316,-2.824557873193644,unknown
-2.2407811442470065,-0.8653183527405647,3.5538277390758775,3.548464426761998,-0.3264984797174809,unknown
0.061446055957245116,3.9991736881654334,0.026857904547082888,0.010503867835316262,0.8343550593365529,unknown
-2.826254331365672,-2.255725808355158,-1.3030842427830585,-3.4694060794617307,-3.8228671794786204,unknown
-1.2567959473427597,3.2566286717043194,0.4043216695147371,1.6899879762681227,-0.41186396638686185,unknown
2.9257252785472545,0.17913228983110763,1.8094101544866958,-1.3510315488438538,-1.0819373476837502,unknown
-1.4627040716022088,1.8597566829011856,0.38003547714827535,0.9264592068047612,-3.804955911896428,unknown
0.8025359592628059,4.106292341651471,-1.1828034692211689,0.9507431026093629,-1.0716895751611508,unknown
-1.1348127630439049,-0.6474408766866131,-1.9584716820695518,-1.832817679149774,0.6839099640877044,unknown
2.886240054660339,-3.7785398466492532,-3.3801972861572365,-0.8002654958685966,-1.5606430032606158,unknown
-1.5125251401503939,0.3203234578134634,0.11431904985526518,1.2839539379220788,-0.8231636610773224,unknown
2.9580485562806045,1.3071131534887934,1.3431514254056829,2.1774388368910436,-1.423071176839889,unknown
-1.4857113193736984,2.1070590421777884,0.44879029282920857,1.7106436219414245,4.831191286910372,unknown
9.17745975646666,-6.465464114521838,-3.032670497341143,1.1298645940026413,-0.40821321424643475,unknown
4.4828782564418965,-1.7785236373433428,-2.2463435563425,2.579605693283956,-0.5756143332859698,unknown
-1.493034544455161,0.8264234291457783,-2.420792365245049,-2.32919993660199,6.3070211257677045,unknown
-2.3717673349839843,-2.7478995818468652,0.5734992233027635,-2.1338473388886934,-2.706024252338033,unknown
-2.405446993237631,-3.016552063656249,-0.8250492203625759,-2.8044269109099,0.07005256580977616,unknown
2.0210236951176945,-2.2971061855574213,-1.5722848441568478,0.5146135912818403,-0.9063731670140981,unknown
-2.0833687705583515,2.057276515682873,-1.3510538390663942,-1.0721845608356395,1.6612024849148415,unknown
-1.374279106792641,2.819321407067065,0.3946880962872019,1.825370573053335,-1.3337899993857023,unknown
-1.8845981859871705,2.6337777898187977,-0.255558056904361,0.004512346893552501,1.1642777571866647,unknown
-2.7635969682949137,-6.162558813205694,-0.1594336100075128,-3.7047175851029746,-3.9369291744072035,unknown
-0.7396981194713471,2.7810871361808815,-0.7855728946261731,0.7614910332352011,2.1774858155009533,unknown
-3.005003062529138,-4.926538119313063,0.152092021548223,-2.0770362398562496,1.2564263462938854,unknown
-2.38787561348034,-4.751146386222383,-0.837329211923964,-3.7886786433270454,0.0564019513587544,unknown
-1.5606408644772896,2.1555824869004137,1.3663361415464266,2.9040131289350755,2.429444703589796,unknown
-1.7189769581564749,0.5265651598577437,0.26374457879300817,1.622644161939722,3.14834740695974,unknown
-1.683867719896608,1.3610041267642927,-0.40277071888418375,0.5441925159058553,1.9197681570958505,unknown
-2.2881957253403065,-6.260869066443052,-1.0583676429284292,-2.4496271243116357,2.519135461437826,unknown
-2.2205053225981293,-3.9742619366872662,-1.7464327999988765,-3.6483696897377267,3.483623198506326,unknown
-2.65023375449789,-7.7745543343092205,-0.48434233104128205,-2.776904866456834,6.3017995197183465,unknown
-1.7489483768910286,1.3815185889161719,-0.17588254304800247,0.8847439100474995,3.073928404444995,unknown
-1.9463229362672474,-3.521505997549848,-1.0966680096817658,-2.766258453025768,-1.0208188852218258,unknown
-2.2254213862693604,-3.003871515548647,0.15208093613567122,-0.12884504472843533,4.421015095564273,unknown
-2.112458753986143,-4.395179676902815,0.18147736571185064,0.6527427118593779,0.8144653565952261,unknown
-1.7994881459687846,-4.0402815021621805,-0.7392096625461618,-1.2951515877460946,2.6346559230132667,unknown
-1.0885032067371516,-3.997449095510866,-2.01576450933418,-2.4581073535413287,2.0902439840456584,unknown
-1.909758125288097,4.347855112126161,-0.6449760643619238,0.5742816345056084,-1.5750468837714793,unknown
-1.679095900469883,0.7540254619918418,1.3891780956450652,1.9271328783982309,-1.2410528487999708,unknown
-2.10076449666335,-0.6418097636996157,1.751891047355134,1.4025281700373542,-0.5737623894396455,unknown
-2.4727166184868783,-0.12357393306787168,-0.5330903570010542,-0.5482646057522313,0.5622072393540706,unknown
-1.0634110388224414,1.7550798720817222,-3.7500378145526385,-3.964858337605076,0.16429908217286718,unknown
2.149810498968109,3.09026924969276,-0.6807157568319316,-2.2262710540390693,-0.6838344007493329,unknown
2.7486344822662048,6.866587117624938,0.6199623768042943,-2.358983586362529,1.1643646215595278,unknown
5.148254724833363,-2.4753746837031882,-0.10199922290954057,6.254856994011929,2.977752907800586,unknown
1.8549734626577707,1.8682919715306863,-2.21741857083497,1.0609561307249888,-2.410923761377798,unknown
-0.7933925204993547,0.7583501235970819,-0.5953257799956246,-0.9951190367303021,-1.6762419976750687,unknown
-1.0561950842201766,1.2730120990573603,-0.9176403549599235,-1.3242106744456754,-3.5951922027341054,unknown
3.173977699384901,1.0822152882760192,-2.0429465531550526,-0.6370260637532141,1.282336412307336,unknown
0.5777940335858756,2.4635697946561264,-0.3662270563088412,3.0174417155804822,-1.8188812407836963,unknown
0.09360438000492136,1.2415913374163108,-0.86170790345345,1.6132687898689841,-0.857524979836261,unknown
-1.582859476445633,3.110013341457319,0.025934355889472616,0.42790907356128066,-1.9509854153327855,unknown
-1.9995936464921975,1.3295100342962771,1.8791034160186983,2.5311514178095926,0.47626472828888344,unknown
-1.5725991107856567,2.40708039610213,-3.5327947013382497,-3.5126797238308294,5.4468855313505635,unknown
-1.4600276953204376,2.710843362852437,-1.3405095282869415,-1.0286365761165879,0.12465458424791595,unknown
1.5731524131902115,1.4372674168637125,1.4793878857241416,-0.6901239969462942,-0.6899791436036656,unknown
16.90698349973196,1.7899832243840776,1.537952500059694,0.13510497860775364,-0.375259687716126,unknown
2.0844618870973695,2.724667260437483,-0.4467428658842936,-2.2197542424546586,0.016171056153029415,unknown
2.9866375283260136,2.9018485576879884,0.7750940658829389,-0.007232975799302919,-3.773427163709657,unknown
-1.7135486981778276,0.470479208999658,-1.9337892455316985,-3.7765002501179157,0.9212566523542484,unknown
-1.7705692855775719,4.1965248983233865,-2.3663469456456587,-2.1915557772766836,-1.8485689451357386,unknown
-2.1256446545554297,2.905675680820314,0.5777863291491524,1.6442911875720192,0.41513720701112766,unknown
-1.3132468484953028,4.019865966399616,-0.856243170196924,0.9321251730417498,-0.14787088811550428,unknown
-1.5536170357008845,-1.923771912722341,-0.3750907710333899,0.6009461647755456,1.7717725602416143,unknown
-0.8691082586486142,0.2774622575853858,-1.6908664142935697,-5.301320331684061,1.1186630107834157,unknown
-0.8903082351327622,1.5880585176930553,-0.7695744513811659,-0.18619299609723247,-0.8110338643739472,unknown
-1.5644638613227309,0.9462469646704305,1.541719179421856,1.3982029200715382,-3.21506879515068,unknown
-1.8387388922752228,-0.45281852885621465,-0.3259735341808294,-0.1694773010618536,3.43953455187505,unknown
-1.610934273357846,0.5434785480031068,0.4304841249772823,2.4172108356604896,3.554780434361289,unknown
-1.785072823125002,-0.64113622650235,-0.913008543361476,-0.4284254575832523,2.078180861014958,unknown
-1.1064430950935686,-1.5885757169981503,0.6326639881920478,2.128230034486813,3.124339503755647,unknown
3.360287261340767,2.89788060886083,-2.70879948585306,-0.6938181532077319,-2.3493347216337095,unknown
5.923527599495926,2.054105448904869,-2.1246899727926345,-2.245126501477865,-1.6316248350032523,unknown
2.7294782605549486,2.9214414789413774,1.4279818757018048,1.1391350010376555,-0.12632502331472079,unknown
-2.7916277882530296,-4.003117083423868,-1.6596071737189557,-4.644409503386256,-1.388795911250436,unknown
-0.4819125950801014,3.9761264735663904,-1.510902689090523,0.255237330741989,1.2217522876925864,unknown
-1.8069647963142417,-5.529544220674848,3.8552614753322114,4.470707096094502,4.263070010320774,unknown
-1.1422750691523067,-2.662114358540244,1.7723705290479406,3.1909195017210124,1.8694210189407183,unknown
-2.3220059144241105,-6.924494925395979,4.807892262504361,4.755942542509683,8.226393572722344,unknown
-1.930184137365984,-4.597552327716219,-2.320826719594865,-5.502874337523456,1.1414831038802864,unknown
12.351019757489986,4.072980285830338,8.607409633538355,-5.237204659967899,0.5306320001556657,unknown
10.555602521487529,1.8688674972038486,2.051058168144089,-2.080908039941183,-0.40244799210759946,unknown
23.229294496931647,6.6209263602750825,21.699009407500416,-14.20537826099221,0.9978249791457455,unknown
-2.3544721665648263,-2.668192929668407,0.9857295294045821,1.0844501121984074,1.9002894993866986,unknown
-1.9310607693920756,3.974425121594844,0.48512992802212684,1.6736277442984917,3.0066771018644145,unknown
3.8660129939713794,2.7738425536867375,-2.2119503370143674,1.219033978613157,-1.0612702736012347,unknown
1.7288106683098619,3.213957845975666,-1.8586062560920857,1.4614865160603256,-1.077167815588544,unknown
-2.1028838215465346,1.6332456455985958,-1.67670470118865,-2.4490011894839174,0.09235139157539675,unknown
21.31351241269815,-0.18851117095635253,12.607419915251203,-5.197645863304131,-4.805999118936847,unknown
13.225950854427904,0.5553066347496056,-3.33204881459856,0.4452599684363905,-3.5611775491457114,unknown
-2.293164661527257,3.0520535601565872,-1.1652018542105835,-2.1663814135497708,-2.1446904485576694,unknown
3.808537307423371,-1.145442588441841,3.044216086726344,-8.300767985552703,-0.505092012719702,unknown
3.4052987815363305,3.0065585944645234,3.192718138276547,-3.1136269177930895,-1.0374863488394406,unknown
-2.098927182870303,3.933114459515694,-0.6485270879777638,-0.3836181667411623,0.31310698850213126,unknown
3.3950720006208797,1.1887534392466557,-2.232352898559286,2.446578769051561,-2.5662205486857785,unknown
-0.417109528093351,2.6593039116845065,-1.0540683479777824,0.49082605996405176,-1.9419540956582453,unknown
-0.6566163627004599,-2.6625871854284737,0.5085673431967909,1.8822895489987783,-3.074994979467192,unknown
3.904634203648935,3.967882089854231,-0.8815233781834,-2.8305984221672498,1.9574051582042094,unknown
-2.098927182870303,3.933114459515694,-0.6485270879777638,-0.3836181667411623,0.31310698850213126,unknown
3.4052987815363305,3.0065585944645234,3.192718138276547,-3.1136269177930895,-1.0374863488394406,unknown
3.9528911172513133,4.7654573164470095,4.605846273685007,-4.303364112880632,-2.2130047752133124,unknown
2.5070881152233127,4.478519952293678,1.553272125487539,-2.971225254562016,0.6592611330663006,unknown
1.4876370987960708,-0.6762461264658812,3.0104161741332245,1.1922212293176677,-0.10507411013598733,unknown
11.625631734024736,-1.6305438959441174,1.585834396273016,-0.2273069091895451,-1.6425602671527637,unknown
-0.3193997841300497,0.4610223213076447,-2.174773424999105,-3.2783242318465864,-1.5659131680865763,unknown
2.224588876465417,-5.539982162223128,-0.7482635846904778,3.2647196823536055,-1.8768733475231327,unknown
6.348177434977748,4.6766753133740275,1.0636700463530462,-1.2779058705346533,0.4982575116227434,unknown
-1.8667271408805914,-3.1596232437193277,-0.9976806691910398,-2.5844614743530165,-0.015239272299314481,unknown
2.148845026667692,3.5136531406617384,-2.515074922217609,-1.6981566829896377,6.0258619662644834,unknown
13.92878544231786,4.836354534497426,15.356325960877125,-12.313828415426892,1.088681737651208,unknown
7.907562153098635,3.8366347323020835,6.225855152946896,-5.068947555626787,2.1347055099602916,unknown
-0.34285916564998736,-1.7890374757258638,-0.01323595119820811,-4.716469765192235,-0.37474670596522075,unknown
-2.0457593885400565,4.326602597052234,-0.36741248637926827,0.18085628239626989,-1.455791358074301,unknown
-0.26459470671583096,3.610069951374428,-0.6370967590340617,0.6123982472438669,0.9646854145204604,unknown
-2.22206387639964,-1.4084976764430157,1.7256463710283292,2.1242428027134883,2.959447784104781,unknown
-0.7580936326536726,1.2198034618743094,-0.3729694950382482,0.7385234739742743,-0.6762801880410084,unknown
-2.2622657758363878,1.7555430669945606,0.7688400764563331,-0.22332457736191466,2.374106348005672,unknown
-2.281482143821063,-1.2116454912522951,-0.996269153790956,-1.5351893162483485,-1.9028598715457412,unknown
-1.9270622201240497,2.655307017218765,1.9565464748204202,2.3198112439403085,-2.495382953524279,unknown
-1.8591521563441449,1.5760507913565749,-1.591218256370219,-1.2104440719410454,1.969236465421836,unknown
-1.8869229041381632,3.0323362739378954,0.20571413127398352,0.2867539437364093,0.8422978284334993,unknown
-2.424732139073234,-1.220531224933749,-0.10774961505161897,-1.47788626203133,-0.44171163407482944,unknown
-2.485831121304268,-1.9647282187138535,0.8313269025936284,-1.1347314427244117,-0.688608539727005,unknown
1.1767441142971626,0.8789582282770905,0.18689203181070774,2.525866628872584,-0.4364165141046114,unknown
-0.007219158051303934,2.7616076402802667,10.075381042635486,2.506373280476045,-2.9726386600759573,unknown
-0.4003460386750575,-1.050132622161451,9.74085979678896,3.819471679936005,-1.955484918686716,unknown
-0.775870175283649,0.5542384465018104,9.360312523891164,3.711213563711303,-2.393985226492491,unknown
-3.2970905801658694,-6.109410832477,-1.5309553988238316,-5.215495167006148,3.1287884181229413,unknown
-1.709323444376287,-0.9898472447370088,0.1666967952658384,1.1891982546929678,2.834835620283787,unknown
-2.4809871297629584,-2.920702242498043,-0.6178930830923387,-2.2523566815513605,2.271655650379515,unknown
-2.3402181671447924,-1.5832184437831351,0.030788483264980848,0.5540154677121071,2.6430386787268088,unknown
-2.117809946814641,-0.43663050549620785,0.37553467837629745,0.7305481678296848,-0.22116785298234506,unknown
-2.4169242985017876,-0.6337873012059921,-1.501654956147004,-2.053323690767755,2.8957520317843874,unknown
-2.422775268053496,-1.372902384836246,0.28088357720357554,-0.5512217589937977,1.2727708717277846,unknown
-1.501078503407074,-1.7900032140419588,0.3201958980155941,1.6587230389078793,0.3665906016501019,unknown
-2.5973311580416922,-6.533244887061691,-0.33653123554963876,-1.3558655305866936,5.119616427743848,unknown
-2.2293633797784675,-0.7150233117200316,-1.44719982525778,-1.5083225855672717,1.313199551311459,unknown
-1.9818272436598972,-1.713573151403096,-0.6756068091014922,-1.32446446588382,1.9677186114959915,unknown
-2.583897205604934,1.0648512862132884,0.9055592242083154,-0.32123912878922145,-0.7514012114277793,unknown
-2.678061029043231,-4.012219784806998,-0.5532914265264108,-4.022809755774384,-0.766911039660468,unknown
-1.6417790358922248,0.04374935549012796,2.6772705864545157,3.4429460627322452,2.9587697133987643,unknown
-2.2720100693131307,0.650566343676774,-0.07042320431810711,-0.25126578624567636,0.6242144209014253,unknown
-1.4229305627865545,1.8338911313911916,-0.8043852647367827,-0.014995352683896604,0.49867360309626535,unknown
7.960773031182008,-1.227224153025833,-6.188044625368039,2.558156724331868,-1.2449676628344932,unknown
-2.708578477364083,-2.656101650628455,-0.9894620911225948,-3.302203847958813,-3.3917523912135947,unknown
-2.6063227068775863,0.312919732990766,-1.9990011749800136,-2.4307906700345288,-0.08141477506152384,unknown
-1.9112866632809893,2.544290139056337,0.30059274903152633,0.9375246725218283,0.579852180264701,unknown
5.171552582490842,-0.8043685547957027,-2.5995837843922427,1.094594938930264,-1.349350151524899,unknown
0.34002971307062074,-2.16149193247091,1.5524710688599,0.10648980140779728,3.2261649621184265,unknown
-1.7713883630184502,0.8973298365014543,0.9343008483864973,0.27648534235681277,1.069391393752264,unknown
